year,parkname,rum_mean_per_trip,mdcev_mean_per_person,rum_annual_total,mdcev_annual_total,difference,std_dev_rum,ci_lo_2.5_rum,ci_hi_97.5_rum,rum_total_annual_loss,std.dev,ci_lo2.5%,ci_hi97.5%,parkname_numeric
2018,Ainapo Cabin,-2.9599753212638196,-0.994582689308856,-5218.436491388114,-1372.5241112462213,-3845.9123801418923,3.8091883890076907,-3.1377878536067625,-2.7821627889208767,-5218.436491388114,0.172267629326946,-1.3173947832636,-0.733711698029653,1
2018,Hipalau,-2.5912821512197284,-1.84854889760852,-4568.430432600381,-2550.9974786997577,-2017.4329539006235,4.250944138786441,-2.7897157977012865,-2.3928485047381702,-4568.430432600381,0.348259202739358,-2.39816534462373,-1.31631226211385,2
2018,Kaluahaulu,-1.4209449391231217,-1.31180962248498,-2505.1259276740634,-1810.2972790292724,-694.828648644791,2.3147964949911284,-1.5289994075817335,-1.31289047066451,-2505.1259276740634,0.402314001796445,-2.25895400655953,-0.732541507106637,3
2018,Kamananui Trail,-1.4089560123184404,-0.0961639368444248,-2483.9894497174105,-132.70623284530623,-2351.2832168721043,1.165399778954215,-1.4633567572345345,-1.3545552674023462,-2483.9894497174105,0.0226737441236968,-0.140100499138013,-0.0591175337653875,4
2018,Kaunala Trail,-0.8430288327609622,-0.138042460552214,-1486.2598321575763,-190.49859556205533,-1295.761236595521,0.7197051397734652,-0.876624596575807,-0.8094330689461173,-1486.2598321575763,0.0387489816712563,-0.218095386226699,-0.0865217559867243,5
2018,Kawaikoi,-6.95012491411602,-2.84482788707669,-12253.070223586543,-3925.862484165832,-8327.207739420712,11.568110750979681,-7.490123164922189,-6.410126663309851,-12253.070223586543,0.453714245275178,-3.75139455837785,-2.2146069673825,6
2018,Keanakolu Ranger & Bunkhouse Cabins,-15.37250415447408,-4.46973842567144,-27101.724824337805,-6168.239027426587,-20933.48579691122,18.131083384504265,-16.218861310245945,-14.526146998702215,-27101.724824337805,0.362172280748583,-5.35491568062662,-4.00394838219245,7
2018,Kuaokala Trail,-18.821577060644195,-4.09382847933387,-33182.440357915715,-5649.48330148074,-27532.957056434974,15.100476985852078,-19.526465813374053,-18.116688307914337,-33182.440357915715,0.276580231793196,-4.59869339891518,-3.60911462354962,8
2018,Kulanaahane Trail,-0.46739699740042234,-0.0351085650110958,-824.0209064169446,-48.4498197153122,-775.5710867016325,0.3864255006751957,-0.48543530105461513,-0.44935869374622955,-824.0209064169446,0.0187150296297576,-0.0755313400465273,-0.00802595427990772,9
2018,Kuliouou Trail,-2.361661293717641,-0.279617426966183,-4163.608860824202,-385.87204921333256,-3777.736811610869,2.1150321113383113,-2.4603907807624332,-2.262931806672849,-4163.608860824202,0.0580016234002813,-0.417266679530811,-0.209919954317527,10
2018,Lonomea,-5.023796188927331,-2.79103868777587,-8856.952681078883,-3851.6333891307004,-5005.319291948183,8.212542981111985,-5.407156872442172,-4.640435505412489,-8856.952681078883,0.430615922582351,-3.5905871793453,-2.16393535055245,11
2018,Manana Trail,-1.693010906351475,-0.140022833204684,-2984.7782278976506,-193.23150982246392,-2791.5467180751866,1.377673241233491,-1.7573205552183437,-1.6287012574846065,-2984.7782278976506,0.0369655880407039,-0.215849210392981,-0.0902526344731971,12
2018,Peacock Flats Campsite,-71.98809756163891,-14.9665756396365,-126915.0160011694,-20653.87438269837,-106261.14161847103,58.30657929277576,-74.70984284108513,-69.26635228219268,-126915.0160011694,0.684994935325345,-16.2849377686536,-14.0106076709083,13
2018,Sugi Grove,-7.1701014405711305,-2.21574412088824,-12640.888839726904,-3057.726886825771,-9583.161952901133,11.958552608652335,-7.728325478173721,-6.61187740296854,-12640.888839726904,0.303665951086799,-2.69598458206471,-1.68944170847725,14
2018,Waialae Cabin Campsite,-0.7520751644961616,-0.570300521034005,-1325.9085150067328,-787.0147190269269,-538.893795979806,1.1965501561328613,-0.8079300058978895,-0.6962203230944337,-1325.9085150067328,0.24805696880378,-1.1635612266952,-0.29045025624362,15
2018,Waikoali,-3.6900989065352143,-1.13886074182986,-6505.644372221583,-1571.6278237252068,-4934.016548496376,6.031249750261993,-3.9716370405853922,-3.4085607724850364,-6505.644372221583,0.184128020845695,-1.55440980134675,-0.855298731150478,16
2018,Waikolu,-0.6551958611549391,-0.589682605224494,-1155.1103032161577,-813.7619952098017,-341.348308006356,0.6032003164602238,-0.6833531914905484,-0.6270385308193298,-1155.1103032161577,0.294035446837684,-1.22801336099219,-0.242303531835344,17
2018,Waimano Trail,-1.0311804388516792,-0.25546284465893,-1817.9711136955104,-352.5387256293234,-1465.432388066187,0.8407683302423781,-1.0704274202678676,-0.9919334574354909,-1817.9711136955104,0.0721248957180296,-0.385735518048858,-0.151689109604082,18
2018,Waimanu Campsite,-63.92128057432425,-31.7739380087333,-112693.21765253365,-43848.03445205195,-68845.1832004817,82.14557167220737,-67.75582762953015,-60.086733519118354,-112693.21765253365,2.24039838014862,-36.1641629518607,-27.7857773288379,19
2018,Wiliwili,-2.88359919590231,-1.84348734501943,-5083.785382375773,-2544.0125361268133,-2539.77284624896,4.5565294014743705,-3.0962975318284824,-2.670900859976138,-5083.785382375773,0.460052885077183,-2.93961149451969,-1.24075138533678,20
2018,Wiliwilinui Ridge Trail,-1.0315169338843533,-0.0644181595572469,-1818.5643544381148,-88.89706018900073,-1729.667294249114,0.9046171963992644,-1.0737443739755033,-0.9892894937932032,-1818.5643544381148,0.0200015281937443,-0.0990754024999611,-0.0327084004788991,21
2019,Ainapo Cabin,-4.661587720883755,-1.65669702815547,-7873.421660572662,-2233.2275939535734,-5640.194066619089,5.754293701376454,-4.936018786035835,-4.387156655731675,-7873.421660572662,0.33551950850485,-2.35240610901884,-1.16160943089664,1
2019,Hipalau,-1.528644092761753,-1.27160410148185,-2581.879872674601,-1714.1223287975338,-867.7575438770671,2.73481499186419,-1.6590716013596614,-1.3982165841638448,-2581.879872674601,0.280888703500656,-1.85837327354844,-0.806819534306379,2
2019,Kaluahaulu,-1.334122895907254,-1.08873800323288,-2253.333571187352,-1467.6188283579222,-785.7147428294297,2.3840673077031487,-1.4478227111410027,-1.2204230806735052,-2253.333571187352,0.271987865208093,-1.6130906998966,-0.685444591654789,3
2019,Kamananui Trail,-0.3753332944316036,-0.0322539878319535,-633.9379342949785,-43.47837559747332,-590.4595586975051,0.3310210757775734,-0.3911201956792228,-0.35954639318398446,-633.9379342949785,0.0205202921203231,-0.0813540998609228,-0.00852981184692476,4
2019,Kaunala Trail,-0.84685771095489,-0.134750357723875,-1430.3426738028093,-181.6434822117835,-1248.6991915910257,0.7721269437249604,-0.8836816255125315,-0.8100337963972486,-1430.3426738028093,0.0540945045031413,-0.232436663197228,-0.0686971695819769,5
2019,Kawaikoi,-7.096179857095733,-2.31934719736455,-11985.447778634694,-3126.4800220474135,-8858.96775658728,12.963026529363285,-7.714406413240561,-6.477953300950905,-11985.447778634694,0.308064779959688,-2.79661352860473,-1.69167801531529,6
2019,Keanakolu Ranger & Bunkhouse Cabins,-17.5157205998079,-5.61480452705913,-29584.05209307554,-7568.756502475707,-22015.295590599835,19.528802711836143,-18.447079061415803,-16.584362138199996,-29584.05209307554,0.395548621798937,-6.47147242532978,-4.95949339177231,7
2019,Kuaokala Trail,-14.475281860023662,-2.82996019106625,-24448.751061579966,-3814.786337557305,-20633.964724022662,12.350248485355767,-15.064284094288888,-13.886279625758435,-24448.751061579966,0.362389342862785,-3.55722002148964,-2.23803539217302,8
2019,Kulanaahane Trail,-0.7522571706494338,-0.0504219635307355,-1270.5623612268937,-67.96880683943145,-1202.5935543874623,0.6636857612100417,-0.7839093594022555,-0.720604981896612,-1270.5623612268937,0.0192425320972383,-0.0890581023869109,-0.0205074733789542,9
2019,Kuliouou Trail,-1.7984177318791508,-0.28363462558036,-3037.5275491438856,-382.3394752823253,-2655.1880738615605,1.7133440013533332,-1.8801297270716884,-1.7167057366866132,-3037.5275491438856,0.0595041589915725,-0.385492118143089,-0.204758773925011,10
2019,Lonomea,-4.465273762158274,-1.79858666304667,-7541.847384285325,-2424.4948217869114,-5117.352562498413,7.9944352059225805,-4.84654060092353,-4.0840069233930185,-7541.847384285325,0.292752736840745,-2.3552962127391,-1.31483770333419,11
2019,Manana Trail,-1.3205053332730803,-0.0870891779291025,-2230.3335078982327,-117.39621184843016,-2112.9372960498026,1.1447920973074306,-1.3751022188242317,-1.265908447721929,-2230.3335078982327,0.0242579782387601,-0.132135038128339,-0.051686576755521,12
2019,Peacock Flats Campsite,-78.03518725946255,-14.6516671855498,-131801.43128123225,-19750.44736612113,-112050.98391511111,67.36057212339973,-81.2477159408985,-74.82265857802659,-131801.43128123225,0.916986966142722,-16.6085561746657,-13.4816952869218,13
2019,Sugi Grove,-6.421282037927956,-2.05557816795304,-10845.545362060317,-2770.919370400698,-8074.625991659619,11.699597133656845,-6.979253714360052,-5.863310361495859,-10845.545362060317,0.339969415399685,-2.63404924460426,-1.47912074106485,14
2019,Waialae Cabin Campsite,-0.9478297411058931,-1.23444470208957,-1600.8844327278534,-1664.0314584167402,63.14702568888674,1.6648542013363452,-1.0272291835928762,-0.86843029861891,-1600.8844327278534,0.502050496602385,-2.4203763694933502,-0.655707357874951,15
2019,Waikoali,-2.8171950284927854,-0.765001097760752,-4758.2424031243145,-1031.2214797814936,-3727.020923342821,5.032983444102632,-3.057225704564721,-2.5771643524208496,-4758.2424031243145,0.141096898353169,-1.03532162182123,-0.581054973153094,16
2019,Waikolu,-0.5638260923849415,-0.401753812121207,-952.3022700381663,-541.564138739387,-410.7381312987793,0.5666255594433552,-0.5908493317067782,-0.5368028530631048,-952.3022700381663,0.124087569219392,-0.643831564610704,-0.226788524929814,17
2019,Waimano Trail,-0.375322853855217,-0.0313160050795058,-633.9203001614616,-42.213974847173816,-591.7063253142877,0.3259790835338761,-0.39086929478333676,-0.3597764129270973,-633.9203001614616,0.0126184658673937,-0.0576241879478657,-0.0132050838297734,18
2019,Waimanu Campsite,-61.48944442467618,-26.0768072574031,-103855.67163327806,-35151.53618297938,-68704.1354502987,73.48566559050458,-64.9940881790587,-57.984800670293644,-103855.67163327806,1.52948963582174,-28.6016435503571,-23.4598112252446,19
2019,Wiliwili,-2.3133939951490126,-1.75109621008397,-3907.322457806682,-2360.4776911931917,-1546.8447666134903,4.016054583350557,-2.5049257789288624,-2.1218622113691628,-3907.322457806682,0.432530820767439,-2.51719085235369,-1.06948256213742,20
2019,Wiliwilinui Ridge Trail,-0.28137442165417503,-0.00976909234608909,-475.24139817390164,-13.168736482528093,-462.0726616913735,0.2623987952121653,-0.29388862141555877,-0.2688602218927913,-475.24139817390164,0.00495275742113714,-0.0193148972252606,-0.00306332809936287,21
2020,Ainapo Cabin,-1.7569324186773487,-0.668544692674866,-1897.4870121715367,-576.9540697784093,-1320.5329423931273,5.0916000449054835,-2.0606000313908233,-1.4532648059638744,-1897.4870121715367,0.22409845425536,-1.07216803226764,-0.303353746871655,1
2020,Hipalau,-3.696171720157455,-1.7377449486795,-3991.8654577700513,-1499.6738907104086,-2492.1915670596427,3.6169092410707395,-3.911887445067196,-3.480455995247714,-3991.8654577700513,0.351318454196643,-2.35235727337715,-1.19797228905472,2
2020,Kaluahaulu,-3.696166018378806,-2.85657721952256,-3991.8592998491104,-2465.226140447969,-1526.6331594011413,3.6166703860188316,-3.911867497758113,-3.480464538999499,-3991.8592998491104,0.669538653735645,-4.26713095511233,-1.98667317688715,3
2020,Kamananui Trail,-0.5569959505304704,-0.0294455948393099,-601.555626572908,-25.411548346324444,-576.1440782265835,0.48538253300880774,-0.5859446019861327,-0.528047299074808,-601.555626572908,0.0134948138446013,-0.0544684892531711,-0.00951144339919681,4
2020,Kaunala Trail,-1.1179695430906955,-0.222642044548996,-1207.4071065379512,-192.14008444578354,-1015.2670220921677,1.0217314034726797,-1.1789065242735324,-1.0570325619078587,-1207.4071065379512,0.0956334008076086,-0.436265725841733,-0.110851787950147,5
2020,Kawaikoi,-13.971705703479593,-4.9147390881629,-15089.44215975796,-4241.419833084583,-10848.022326673377,13.855988641258469,-14.798089346217989,-13.145322060741197,-15089.44215975796,0.448358975271276,-5.776881303641,-4.09068783841459,6
2020,Keanakolu Ranger & Bunkhouse Cabins,-3.0177852947160333,-0.804560719134931,-3259.208118293316,-694.3359006134455,-2564.8722176798706,8.283085554376516,-3.5117959778048844,-2.523774611627182,-3259.208118293316,0.185809346923838,-1.10994171901525,-0.525115653146075,7
2020,Kuaokala Trail,-16.93473384467137,-3.3696617365358,-18289.51255224508,-2908.0180786303954,-15381.494473614684,14.216545714832066,-17.782621436033658,-16.086846253309083,-18289.51255224508,0.344710177443657,-4.17282373265243,-2.87704448835842,8
2020,Kulanaahane Trail,-0.8368657144604017,-0.0803131238561603,-903.8149716172338,-69.31022588786634,-834.5047457293675,0.7295299278904418,-0.8803755364518571,-0.7933558924689463,-903.8149716172338,0.0329005395556996,-0.14552681720859,-0.0342701446116936,9
2020,Kuliouou Trail,-2.538751823908889,-0.189301289948964,-2741.8519698216,-163.36701322595593,-2578.4849565956442,2.4162731545299683,-2.6828605311970697,-2.3946431166207085,-2741.8519698216,0.045113368905053,-0.289659430772957,-0.119764017518877,10
2020,Lonomea,-12.31401077092759,-6.65306471925612,-13299.131632601797,-5741.594852718032,-7557.536779883765,12.087085451636318,-13.034895434174995,-11.593126107680185,-13299.131632601797,0.797596459458779,-7.96788047571009,-5.53464797119434,11
2020,Maakua Ridge Trail,-0.9774442123867655,-0.136177695288117,-1055.6397493777067,-117.52135103364496,-938.1183983440618,0.9031398306472541,-1.0313082853501387,-0.9235801394233923,-1055.6397493777067,0.05669974290407,-0.252670274212405,-0.0536020313153065,12
2020,Manana Trail,-2.249661493521123,-0.169959108938169,-2429.6344130028133,-146.67471101363986,-2282.9597019891735,1.9227366627141338,-2.3643352399060698,-2.1349877471361767,-2429.6344130028133,0.0442990585016173,-0.247028008108327,-0.0994911034010167,13
2020,Peacock Flats Campsite,-65.96495332669335,-13.731523310333,-71242.14959282882,-11850.304616817379,-59391.844976011445,55.97064457770096,-69.30309298240944,-62.626813670977256,-71242.14959282882,1.07946764200128,-15.7981799237423,-12.1386826702337,14
2020,Sugi Grove,-16.870156062198134,-6.47698918300377,-18219.768547173986,-5589.641664932254,-12630.126882241733,16.868420641334993,-17.87620386273703,-15.864108261659242,-18219.768547173986,0.614380736618164,-7.52253306527088,-5.57294103729243,15
2020,Waialae Cabin Campsite,-1.6835085182582872,-0.758670585442319,-1818.1891997189502,-654.7327152367213,-1163.456484482229,1.6127445959457922,-1.7796940585694188,-1.5873229779471556,-1818.1891997189502,0.233262439715378,-1.21602194146666,-0.480216465318881,16
2020,Waikoali,-11.349279455663797,-3.36303782614118,-12257.2218121169,-2902.3016439598387,-9354.920168157063,11.209376814022377,-12.017816785206369,-10.680742126121226,-12257.2218121169,0.434430768112398,-4.22239248445106,-2.63257568003328,17
2020,Waikolu,-1.9689588304129964,-1.7520426359203,-2126.475536846036,-1512.012794799219,-614.4627420468171,2.0215028718643837,-2.0895230824709925,-1.848394578355,-2126.475536846036,0.454474563879306,-2.74081283276634,-1.17332401578353,18
2020,Waimano Trail,-0.6967751113885311,-0.0657730478631319,-752.5171202996136,-56.76214030588283,-695.7549799937308,0.5971397981505467,-0.7323890667976992,-0.661161155979363,-752.5171202996136,0.0328786792780283,-0.138047139476921,-0.0215193682496034,19
2020,Waimanu Campsite,-15.106658887014744,-6.06230137539511,-16315.191597975923,-5231.76608696598,-11083.425511009944,43.72777798872177,-17.714622952139276,-12.498694821890213,-16315.191597975923,0.560444262771265,-7.12134090897995,-5.12960752883051,20
2020,Wiliwili,-3.6929021948198746,-2.52025186340558,-3988.3343704054646,-2174.9773581190157,-1813.357012286449,3.4773025132664706,-3.900291648738735,-3.4855127409010143,-3988.3343704054646,0.423784824094693,-3.2686665381171,-1.7728647823432,21
2020,Wiliwilinui Ridge Trail,-0.5571087230010533,-0.0601863694304153,-601.6774208411375,-51.9408368184484,-549.7365840226892,0.5192227713062633,-0.5880756367488856,-0.526141809253221,-601.6774208411375,0.0283379630363772,-0.112192516857891,-0.0221153179874453,22
2021,Ainapo Cabin,-1.6296493493822046,-1.19902503241754,-3572.1913738457924,-1961.6049530350954,-1610.586420810697,3.8817719803649813,-1.7921540086120284,-1.4671446901523808,-3572.1913738457924,0.254693831418801,-1.70861677768949,-0.794136836019191,1
2021,Hipalau,-1.9550959214180745,-1.13075723394494,-4285.57025974842,-1849.918834733922,-2435.6514250144974,2.9140524847251204,-2.077088431128434,-1.833103411707715,-4285.57025974842,0.235161605404415,-1.55090065340917,-0.769728324409371,2
2021,Kaluahaulu,-2.5291959288423675,-1.53335109903527,-5543.9974760224695,-2508.5623980217015,-3035.435078000768,3.7775283458374056,-2.687336582048275,-2.37105527563646,-5543.9974760224695,0.318452977155163,-2.23340046476509,-1.04026860084298,3
2021,Kamananui Trail,-0.961774271591427,-0.204923347674621,-2108.209203328408,-335.25459679567996,-1772.9546065327281,0.6327905063841006,-0.9882651129195534,-0.9352834302633006,-2108.209203328408,0.0730577060350627,-0.364850404651891,-0.0977935622260905,4
2021,Kaunala Trail,-2.282370800103598,-0.481418585674215,-5002.956793827087,-787.6008061630158,-4215.355987664071,1.6021034009501165,-2.349440496247332,-2.2153011039598636,-5002.956793827087,0.0847678831342221,-0.622786680081871,-0.358553040489241,5
2021,Kawaikoi,-9.368033207399185,-3.63008825717923,-20534.728790619014,-5938.824388745221,-14595.904401873793,14.197235733936388,-9.962379543716416,-8.773686871081953,-20534.728790619014,0.334740530160837,-4.40141199295365,-3.1813606001879,6
2021,Keanakolu Ranger & Bunkhouse Cabins,-1.5487447575828757,-0.752022578981235,-3394.8485086216633,-1230.3089392133006,-2164.5395694083627,3.352552821937722,-1.6890944372226746,-1.4083950779430767,-3394.8485086216633,0.140482685867284,-1.03414713893836,-0.532365468558565,7
2021,Kuaokala Trail,-26.377788914809443,-7.79805251408477,-57820.113301262296,-12757.613913042684,-45062.499388219614,16.650343830810176,-27.07483100382746,-25.680746825791427,-57820.113301262296,0.543785861859628,-8.77009327238829,-6.91054205258684,8
2021,Kulanaahane Trail,-1.169024895231255,-0.0836555259515818,-2562.502570346911,-136.8604404567878,-2425.642129890123,0.7693787461697431,-1.2012338017815123,-1.1368159886809976,-2562.502570346911,0.0243432830384211,-0.133957488294346,-0.0478446070506102,9
2021,Kuliouou Trail,-5.412250130102584,-0.791915933952269,-11863.652285184864,-1295.5744679459121,-10568.077817238951,3.952897524650828,-5.5777323553499825,-5.246767904855186,-11863.652285184864,0.121207929993715,-1.00842651709474,-0.608876694523101,10
2021,Lonomea,-5.738666823283382,-2.01252104596922,-12579.157676637175,-3292.484431205644,-9286.673245431532,8.551782626476191,-6.0966745910122775,-5.380659055554487,-12579.157676637175,0.276459121571279,-2.69411718610251,-1.67650208072556,11
2021,Maakua Ridge Trail,-1.3771544748511375,-0.216818123176952,-3018.7226088736934,-354.7144495174935,-2664.0081593562,0.9808684425228815,-1.4182170856401621,-1.3360918640621129,-3018.7226088736934,0.0538265718585164,-0.306917120914861,-0.136173302191915,12
2021,Manana Trail,-3.758498436223708,-0.376770363840478,-8238.628572202368,-616.3963152430221,-7622.232256959345,2.4169683572499134,-3.8596812520230106,-3.6573156204244057,-8238.628572202368,0.0552566032610979,-0.484059995561884,-0.299601927653928,13
2021,Peacock Flats Campsite,-73.16128430529596,-20.3690704501099,-160369.53519720875,-33323.799256379796,-127045.73594082895,46.66090493165104,-75.11467427606911,-71.20789433452282,-160369.53519720875,0.863897902980322,-22.1023555175634,-18.9460962224826,14
2021,Sugi Grove,-7.5593280613228195,-2.72706677376119,-16570.047110419622,-4461.481241873307,-12108.565868546315,11.406381709994466,-8.036839409800754,-7.081816712844885,-16570.047110419622,0.33877913617032,-3.40652101675071,-2.14926344293439,15
2021,Waialae Cabin Campsite,-1.176932188185696,-0.543603099600129,-2579.8353565030457,-889.334670945811,-1690.5006855572346,1.7268774358767682,-1.2492253652883964,-1.1046390110829956,-2579.8353565030457,0.134128423781404,-0.78278645210271,-0.311855501153627,16
2021,Waikoali,-6.365670631746161,-2.22356377760002,-13953.550024787584,-3637.7503401536324,-10315.799684633952,9.566100987836142,-6.766141341785195,-5.965199921707127,-13953.550024787584,0.250818465237281,-2.68085457890971,-1.831053862381,17
2021,Waikolu,-0.5499767934063338,-0.379732248689331,-1205.5491311466835,-621.2419588557455,-584.3071722909381,0.7676086955548242,-0.5821115993980184,-0.5178419874146492,-1205.5491311466835,0.166113151507387,-0.816216089253953,-0.208808523686726,18
2021,Waimano Trail,-1.9322674226704246,-0.209816255247984,-4235.53019049357,-343.25939358570184,-3892.2707969078688,1.247363254842063,-1.9844864457581368,-1.8800483995827124,-4235.53019049357,0.0330135491825641,-0.278585399508327,-0.14978043339323,19
2021,Waimanu Campsite,-31.39795622557324,-12.7269136146098,-68824.32004645655,-20821.230673501632,-48003.08937295491,78.12884006347227,-34.668704892614265,-28.127207558532216,-68824.32004645655,1.02311004308256,-14.6206585205455,-11.0387396179013,20
2021,Wiliwili,-2.887858460777365,-1.71798929137426,-6330.185746023984,-2810.6304806882895,-3519.555265335695,4.186319190108571,-3.0631125398054437,-2.7126043817492866,-6330.185746023984,0.333950946993864,-2.47228269551996,-1.26728826378493,21
2021,Wiliwilinui Ridge Trail,-0.8929639534404736,-0.194246434564462,-1957.3769859415181,-317.7871669474598,-1639.5898189940583,0.6322635142505417,-0.9194327330201219,-0.8664951738608254,-1957.3769859415181,0.0586751389174695,-0.311688574386672,-0.104862727961281,22
2022,Ainapo Cabin,-3.6289839892929656,-1.73831306065932,-6949.504339496029,-2491.0026159248055,-4458.501723571224,11.144090049282031,-4.128117001808763,-3.129850976777168,-6949.504339496029,0.258198010782557,-2.19513709860775,-1.33623872031193,1
2022,Hipalau,-2.4877884974632325,-1.8447122231709,-4764.11497264209,-2643.4726158038993,-2120.6423568381906,3.095409109363221,-2.6264288769731636,-2.3491481179533014,-4764.11497264209,0.386735737667237,-2.52140150285808,-1.24127748918493,2
2022,Kaluahaulu,-2.242386921868753,-1.47401881013041,-4294.170955378662,-2112.268954916877,-2181.902000461785,2.7873537243353805,-2.3672297986960342,-2.117544045041472,-4294.170955378662,0.254561854487374,-1.93339803941343,-1.03169340961447,3
2022,Kamananui Trail,-0.6306612613809268,-0.0423224630382418,-1207.7163155444748,-60.6480895338005,-1147.0682260106744,0.43001695795967215,-0.6499213049295806,-0.6114012178322731,-1207.7163155444748,0.0151048790322338,-0.0765469591979074,-0.0221878604292125,4
2022,Kaunala Trail,-1.984667618102338,-0.451461721524007,-3800.638488665977,-646.9446469439021,-3153.693841722075,1.4466510455373487,-2.049461718941886,-1.9198735172627897,-3800.638488665977,0.109525590614678,-0.638977448456769,-0.258725612847831,5
2022,Kawaikoi,-13.0697081615908,-5.43362333621776,-25028.491129446382,-7786.382240800051,-17242.108888646333,16.68644779179866,-13.81707801571762,-12.32233830746398,-25028.491129446382,0.446869120169377,-6.16403957214767,-4.73287285555356,6
2022,Keanakolu Ranger & Bunkhouse Cabins,-3.7488044684200714,-1.25950822035929,-7178.960557024437,-1804.8752797748625,-5374.085277249575,10.323198180623628,-4.211170528269367,-3.286438408570776,-7178.960557024437,0.232007215734213,-1.7571040492639,-0.972263349648776,7
2022,Kuaokala Trail,-21.646831153076697,-5.83191747136893,-41453.681658141875,-8357.137736471677,-33096.5439216702,14.18938893249413,-22.282360156549746,-21.011302149603647,-41453.681658141875,0.539769054816222,-6.95566832557311,-5.0168943549806,8
2022,Kulanaahane Trail,-0.7889336059805071,-0.0735411364763094,-1510.807855452671,-105.38444857055137,-1405.4234068821197,0.5380753927372287,-0.8130334822871291,-0.7648337296738851,-1510.807855452671,0.0215691969091474,-0.115807116084275,-0.0442078913442399,9
2022,Kuliouou Trail,-4.505970362079447,-0.563620906084211,-8628.93324338214,-807.6687584186743,-7821.264484963465,3.4411972837780667,-4.660098259405975,-4.351842464752918,-8628.93324338214,0.0882158340602823,-0.751878641843879,-0.422808983848183,10
2022,Lonomea,-9.250535602127783,-5.29484968562378,-17714.775678074704,-7587.519599498877,-10127.256078575827,11.58811270257928,-9.769555959737296,-8.73151524451827,-17714.775678074704,0.593218581037454,-6.21563629208422,-4.26255887193039,11
2022,Maakua Ridge Trail,-1.6645445329296646,-0.335739987453842,-3187.602780560308,-481.1154020213556,-2706.4873785389523,1.2285310961904623,-1.719569252247182,-1.6095198136121474,-3187.602780560308,0.0655289044386906,-0.467326319574693,-0.204894338007231,12
2022,Manana Trail,-4.087208825637735,-0.520730934646381,-7827.004901096262,-746.207429348264,-7080.797471747998,2.723342729550466,-4.20918471193283,-3.96523293934264,-7827.004901096262,0.0731682725299593,-0.647858335220034,-0.378214790183909,13
2022,Peacock Flats Campsite,-79.62825932402703,-21.9248926135482,-152488.11660551175,-31418.37111521457,-121069.74549029718,52.96646053680646,-82.00057585172222,-77.25594279633184,-152488.11660551175,0.953548436458578,-23.856988561881,-20.4474945052597,14
2022,Sugi Grove,-8.434003303541699,-3.08195123183115,-16151.116326282354,-4416.436115214038,-11734.680211068317,10.612356868457358,-8.909320501286983,-7.9586861057964144,-16151.116326282354,0.316325662669636,-3.70200674239732,-2.64047587663905,15
2022,Waialae Cabin Campsite,-1.6732706214543844,-1.01894774543505,-3204.3132400851464,-1460.1521192084265,-1744.16112087672,2.040280606123412,-1.7646528160354078,-1.581888426873361,-3204.3132400851464,0.211904288187659,-1.48480378525548,-0.675501928775662,16
2022,Waikoali,-6.8224052365106695,-2.95620196673551,-13064.906027917932,-4236.237418331986,-8828.668609585946,8.536495489921249,-7.204746611299401,-6.440063861721938,-13064.906027917932,0.40624869803758,-3.54764201227687,-2.27564821093415,17
2022,Waikolu,-0.5538412290832886,-0.525138919853283,-1060.6059536944977,-752.5240721497545,-308.08188154474317,0.934913367948895,-0.5957150943986256,-0.5119673637679516,-1060.6059536944977,0.1938389979864,-0.940054786291328,-0.279213954018225,18
2022,Waimano Trail,-1.3447083008175251,-0.152904076751586,-2575.116396065561,-219.1115419850227,-2356.0048540805383,0.8997527008729744,-1.3850073538689573,-1.304409247766093,-2575.116396065561,0.0361447730145395,-0.22036341530953,-0.0918463221834655,19
2022,Waimanu Campsite,-10.366861293425622,-4.58387324539963,-19852.539376910066,-6568.69036065767,-13283.849016252396,29.474079910876515,-11.686976819411967,-9.046745767439276,-19852.539376910066,0.499332097621661,-5.64644645224136,-3.78370733098144,20
2022,Wiliwili,-3.474972200282697,-3.17829537409872,-6654.571763541365,-4554.497271083465,-2100.0744924578994,4.169822128891169,-3.6617344995502425,-3.288209901015151,-6654.571763541365,0.389518404871445,-3.85775606148287,-2.40964092343215,21
2022,Wiliwilinui Ridge Trail,-1.1860547285300487,-0.119489289609333,-2271.294805135043,-171.2281520101742,-2100.066653124869,0.8754671837007981,-1.2252660567611457,-1.1468434002989516,-2271.294805135043,0.0344437681072531,-0.179079751826681,-0.0646550745643408,22
2023,Ainapo Cabin,-4.933479177982263,-2.97585122706602,-8909.863395435967,-4115.602247032305,-4794.2611484036615,14.121248314262585,-5.5847629968736685,-4.282195359090857,-8909.863395435967,0.482029764031279,-4.19289339164687,-2.25048806668627,1
2023,Hipalau,-2.2504136302418076,-1.36726779828842,-4064.2470162167047,-1890.931365032885,-2173.3156511838197,2.9201765588873068,-2.3850946229404766,-2.1157326375431387,-4064.2470162167047,0.231694483117767,-1.82313756897,-1.04117053931032,2
2023,Kaluahaulu,-1.354877908917418,-1.05837719137822,-2446.909503504857,-1463.7356556760783,-983.1738478287789,1.752265647617042,-1.4356938706011741,-1.274061947233662,-2446.909503504857,0.364832824327923,-1.99001641886355,-0.674964991011038,3
2023,Kamananui Trail,-0.47336248098452643,-0.0297509608346188,-854.8926406580547,-41.1455788342778,-813.7470618237769,0.3415062132988463,-0.48911303403922857,-0.4576119279298243,-854.8926406580547,0.00998294976209018,-0.0476350403798719,-0.0163143898709661,4
2023,Kaunala Trail,-2.1501533984864043,-0.517580118421512,-3883.1770376664463,-715.8133037769511,-3167.363733889495,1.6321520177977802,-2.2254296187968294,-2.074877178175979,-3883.1770376664463,0.12880618028121,-0.81764695935164,-0.327599698641507,5
2023,Kawaikoi,-13.381913013807644,-5.42519471714871,-24167.734902936605,-7503.044293816665,-16664.69060911994,17.853989786712358,-14.205354000890477,-12.558472026724811,-24167.734902936605,0.60105038986514,-6.41853902795782,-4.44247840035948,6
2023,Keanakolu Ranger & Bunkhouse Cabins,-3.9278305888003855,-1.32367093921412,-7093.662043373496,-1830.6369089331279,-5263.025134440368,10.174649955520865,-4.397093980495154,-3.4585671971056167,-7093.662043373496,0.250166239558677,-1.73536100353407,-0.944047588112172,7
2023,Kuaokala Trail,-20.22953116917361,-5.99421190451137,-36534.53329152754,-8289.995063939225,-28244.538227588317,13.858341625664444,-20.868689511028446,-19.590372827318777,-36534.53329152754,0.41608635881938,-6.81615944729496,-5.30331463949104,8
2023,Kulanaahane Trail,-0.8696713194789039,-0.0800258862446148,-1570.6264029789004,-110.67580067630227,-1459.950602302598,0.6277527016352725,-0.8986238007143963,-0.8407188382434114,-1570.6264029789004,0.0297283750277723,-0.142578314244589,-0.0340286559620778,9
2023,Kuliouou Trail,-3.2080986763853203,-0.30529473559614,-5793.8262095518885,-422.2226193294616,-5371.603590222427,2.668437683099153,-3.331169260943149,-3.0850280918274917,-5793.8262095518885,0.0462810749212789,-0.402991682507772,-0.239923170270261,10
2023,Lonomea,-8.422257847694297,-4.69072643513115,-15210.5976729359,-6487.274659786381,-8723.32301314952,10.985546001086307,-8.92892044528975,-7.915595250098844,-15210.5976729359,0.410495917509775,-5.3988280380167,-4.11781531599829,11
2023,Manana Trail,-4.594490769381233,-0.5660020199352,-8297.650329502507,-782.7807935703817,-7514.8695359321255,3.220469790440567,-4.743021537841986,-4.44596000092048,-8297.650329502507,0.0857701668888961,-0.730621725882991,-0.423839674276602,12
2023,Peacock Flats Campsite,-75.9772245279808,-20.5943361339949,-137214.86749753333,-28481.96687331495,-108732.90062421838,52.789738072568454,-78.41193153440418,-73.54251752155741,-137214.86749753333,1.11131425538827,-22.4031356071938,-17.9393451197005,13
2023,Sugi Grove,-8.707026352018438,-3.39328302379062,-15724.8895917453,-4692.9104219024275,-11031.97916984287,11.450608309364585,-9.235138013423073,-8.178914690613803,-15724.8895917453,0.396074641682292,-4.24723027236245,-2.84534212139819,14
2023,Waialae Cabin Campsite,-1.2738976796533783,-0.698870808586751,-2300.659209454001,-966.5383282754766,-1334.1208811785245,1.619694666229092,-1.348599356458699,-1.1991960028480575,-2300.659209454001,0.130221415772154,-0.959672165778654,-0.480641005779735,15
2023,Waikoali,-6.790762051825129,-2.96138502371723,-12264.116265596183,-4095.595487800929,-8168.520777795255,8.872167561020929,-7.199953862803343,-6.381570240846915,-12264.116265596183,0.364537906490442,-3.55805300468231,-2.413104347639,16
2023,Waikolu,-1.2076647948800932,-1.34013686284454,-2181.0426195534483,-1853.409281313999,-327.63333823944936,2.7387314591194003,-1.3339773873590293,-1.081352202401157,-2181.0426195534483,0.36625456354905,-2.07957100060702,-0.830435080447549,17
2023,Waimano Trail,-1.5070686267071174,-0.39304607881941,-2721.765939833054,-543.582727007244,-2178.1832128258097,1.0598990477161883,-1.555952059961298,-1.4581851934529368,-2721.765939833054,0.0719796656877538,-0.527060707908589,-0.26823702286115,18
2023,Waimanu Campsite,-10.639140773667501,-4.15251837987495,-19214.288237243505,-5742.932919367056,-13471.355317876449,28.4733219240984,-11.95235426772676,-9.325927279608242,-19214.288237243505,0.464335967202832,-5.05009273475955,-3.38712720368177,19
2023,Wiliwili,-1.9213764876463413,-1.20830972663949,-3470.0059366892924,-1671.0923519424146,-1798.9135847468779,2.396806185302741,-2.0319191996479344,-1.8108337756447481,-3470.0059366892924,0.298967200249416,-1.80687470433851,-0.80824961445019,20
2023,Wiliwilinui Ridge Trail,-1.0290948817492884,-0.0848997185576269,-1858.5453564392149,-117.416310765198,-1741.1290456740169,0.8209556579398932,-1.0669580454119212,-0.9912317180866558,-1858.5453564392149,0.0225833659739165,-0.132411273541027,-0.0534722519549307,21
